동물보호센터명,관리기관명,동물보호센터유형,구조대상동물,소재지도로명주소,소재지지번주소,위도,경도,동물보호센터지정일자,평일운영시작시각,평일운영종료시각,평일분양시작시각,평일분양종료시각,주말운영시작시각,주말운영종료시각,주말분양시작시각,주말분양종료시각,휴무일,수의사인원수,사양관리사인원수,진료실수,사육실수,격리실수,사료보관실수,구조운반용차량보유대수,전화번호,데이터기준일자,제공기관코드,제공기관명,
인천수의사회 유기동물보호소,인천수의사회,법인,「동물보호법」에 따른 유실·유기동물,인천광역시 계양구 다남로165번길 56(다남동),,37.5661963,126.7196302,2006-10-18,09:00,18:00,,,09:00,13:00,,,연중무휴,1,3,,,,,,032-515-7567,2018-08-13,3520000,인천광역시 연수구,
사단법인 한국동물구조관리협회,도봉구청,법인,유실·유기 및 피학대동물,경기도 양주시 남면 감악산로 63-37,,37.8700725,126.9832252,2014-06-10,09:00,23:00,09:00,18:00,09:00,23:00,09:00,18:00,연중무휴,1,6,1,6,2,1,5,031-867-9119,2018-01-02,3090000,서울특별시 도봉구,
수성동물병원,화성시,개인,"개, 고양이",경기도 화성시 남양읍 남양성지로34,경기도 화성시 남양읍 남양리 465-3번지,37.2055772,126.8071913,2016-12-31,09:00,18:00,09:00,18:00,09:00,18:00,09:00,18:00,일요일,1,1,1,2,1,1,2,031-355-5883,2017-11-17,5530000,경기도 화성시,
청산동물병원,화성시,개인,"개, 고양이",경기도 화성시 우정읍 3.1만세로29,경기도 화성시 우정읍 조암리 348번지,37.0821769,126.8171921,2016-12-31,09:00,18:00,09:00,18:00,09:00,18:00,09:00,18:00,일요일,1,2,1,1,1,1,1,031-358-4358,2017-11-17,5530000,경기도 화성시,
인천광역시수의사회유기동물보호소,인천시수의사회,단체,"유기, 유실동물",인천광역시 계양구 다남로165번길 56(다남동),인천광역시 계양구 다남동 35-8,37.5661963,126.7196301,2007-01-01,09:00,18:00,13:00,16:00,09:00,12:00,00:00,00:00,없음,1,3,1,22,1,2,2,032-515-7567,2018-08-08,3530000,인천광역시 남동구,
성일동물병원,철원군,동물병원,개 고양이,강원도 철원군 금학로 284-1,강원도 철원군 동송읍 이평리 853-38,38.209944,127.217170,2018-01-01,09:00,18:00,09:00,18:00,09:00,18:00,09:00,18:00,공휴일,1,1,1,1,1,1,1,033-450-8905,2018-08-20,4300000,강원도 철원군,
경동동물병원,중구,동물병원,"개, 고양이",인천광역시 중구 개항로 68,인천광역시 중구 경동 240-60,37.471967,126.629931,2007-01-01,09:00,18:00,09:00,18:00,10:00,18:00,10:00,18:00,없음,1,1,1,2,1,1,1,032-765-9988,2018-08-20,6280000,인천광역시,
신공항동물병원,중구,동물병원,"개, 고양이, 햄스터, 야생동물(고라니, 조류 등)",인천광역시 중구 운중로 33,인천광역시 중구 영종동 507-26,37.493777,126.537375,2013-01-01,09:00,18:00,09:00,18:00,09:00,18:00,09:00,18:00,없음,1,1,1,1,1,1,1,032-751-4598,2018-08-20,6280000,인천광역시,
인천종합동물병원(송현점),동구,동물병원,"개, 고양이",인천광역시 동구 솔빛로 2,인천광역시 동구 송현동 72-283,37.476764,126.633599,2012-01-01,10:00,21:00,10:00,21:00,10:00,19:00,10:00,19:00,없음,2,4,2,1,1,1,2,032-765-0112,2018-08-20,6280000,인천광역시,
인천수의사회 유기동물보호소,"남구,연수구,남동구,옹진군",동물병원,"개, 고양이, 토끼, 기니픽, 고슴도치",인천광역시 계양구 다남로165번길 56,인천광역시 계양구 다남동 35-8,37.566426,126.719587,2008-01-01,09:00,18:00,09:00,18:00,09:00,18:00,09:00,18:00,없음,1,4,1,5,1,2,2,032-515-7567,2018-08-20,6280000,인천광역시,
백마동물병원,부평구,동물병원,"개, 고양이","인천광역시 부평구 부평대로 132, 1층",인천광역시 부평구 부평동 431-15,37.503542,126.722102,2005-01-01,09:30,18:00,09:30,18:00,09:30,18:00,09:30,18:00,일요일,1,4,1,1,1,1,2,032-528-1359,2018-08-20,6280000,인천광역시,
신영재동물병원,계양구,동물병원,"개, 고양이",인천광역시 계양구 장제로 923,인천광역시 계양구 병방동 428,37.549119,126.741393,2007-01-01,09:00,21:00,09:00,21:00,09:00,21:00,09:00,21:00,없음,1,1,1,1,1,1,2,032-552-0075,2018-08-20,6280000,인천광역시,
가정동물병원,서구,동물병원,"개, 고양이",인천광역시 서구 가정로 346,인천광역시 서구 가정동 517-32,37.515887,126.673054,2005-01-01,09:30,19:30,09:30,19:30,10:30,18:30,10:30,18:30,없음,2,4,2,3,0,1,1,032-575-0833,2018-08-20,6280000,인천광역시,
베스트동물병원,강화군,동물병원,"개, 고양이, 염소, 돼지",인천광역시 강화군 강화읍 강화대로 217,인천광역시 강화군 강화읍 갑곳리 519-2,37.740852,126.504728,2012-01-01,09:00,22:00,09:00,22:00,09:00,18:00,09:00,18:00,일요일,1,1,1,3,1,1,1,032-934-9340,2018-08-20,6280000,인천광역시,
최종주동물병원,영동군,동물병원,개+고양이 등,충청북도 영동군 영동읍 계산로 54 최종주동물병원,충청북도 영동군 영동읍 계산리 662-6,36.1726027,127.7823399,2016-11-01,09:00,18:00,09:00,18:00,09:00,18:00,09:00,18:00,일요일,1,1,1,,7,1,1,043-744-4209,2017-11-16,4440000,충청북도 영동군,
청주시반려동물보호센터,청주시청,단체,"개, 고양이, 기타 등",충청북도 청주시 흥덕구 서부로 411-55,충청북도 청주시 흥덕구 강내면 태성리 산8,36.6370179,127.4674818,2016-10-06,09:00,17:00,09:00,17:00,09:00,17:00,09:00,17:00,일요일,2,3,1,3,1,1,1,043-231-0047,2018-08-16,5710000,충청북도 청주시,
구미유기동물보호소,경상북도 구미시청,단체,개+고양이+애완동물,경상북도 구미시 해평면 숭선로 309-11,경상북도 구미시 해평면 해평리 448-5,36.19478184,128.3762696,2015-01-01,00:00,24:00,09:00,18:00,00:00,24:00,09:00,18:00,0,1,2,0,3,1,1,2,054-441-4100,2018-06-30,5080000,경상북도 구미시,
누리동물병원,부산광역시 수영구청,동물병원,"개, 고양이 등 야생동물이 아닌 유기동물",부산광역시 해운대구 해운대로 1252,부산광역시 해운대구 송정동 81-5,35.196783,129.206121,2017-01-01,12:00,12:00,13:00,17:00,12:00,12:00,,,연중무휴,2,5,1,9,1,1,3,051-701-7599,2018-04-25,3380000,부산광역시 수영구,
당진시동물보호소,충청남도 당진시농업기술센터,개인,"개, 고양이",충청남도 당진시 고대면 연동로 30-6,충청남도 당진시 고대면 진관리 718-1,36.934202,126.596254,2019-01-01,09:00,18:00,09:00,18:00,,,,,없음,1,3,1,5,1,1,1,041-356-8210,2019-06-01,5680000,충청남도 당진시,
의령군 유기동물 임시보호소,농업기술센터,개인,유기동물(개),경상남도 의령군 용덕면 덕암로6길 64-14,경상남도 의령군 용덕면 가락리 375,35.3409103,128.266661,2019-01-01,09:00,18:00,09:00,18:00,09:00,18:00,09:00,18:00,없음,1,1,0,,,,,055-570-4202,2019-07-08,5390000,경상남도 의령군,
누리동물보호센터,금정구청,동물병원,유기유실동물 및 피학대동물,부산광역시 해운대구 해운대로 1252(송정동),부산광역시 해운대구 송정동 81-5,35.19653562,129.2060944,2016-12-13,09:00,18:00,09:00,18:00,00:00,00:00,,,구조보호활동 휴무 없음(사무실은 주말 휴무),2,2,1,5,1,1,2,051-701-7599,2019-03-21,3350000,부산광역시 금정구,
최상오동물병원,보은군,동물병원,"개,고양이 등 유기동물",충청북도 보은군 보은읍 보은로 119-1,충청북도 보은군 보은읍 삼산리 149-3,36.486005,127.718778,2015-10-01,09:00,18:00,09:00,18:00,09:00,18:00,09:00,18:00,없음,1,1,1,10,1,1,1,043-543-0753,2018-08-09,4420000,충청북도 보은군,
진천동물병원,충청북도 진천군청,동물병원,개+고양이,충청북도 진천군 진천읍 문화6안길 14-1,충청북도 진천군 진천읍 벽암리 133,36.862278,127.436167,2017-01-01,09:00,18:00,09:00,18:00,,,,,매주 토요일 일요일,1,1,1,2,1,1,2,043-533-7212,2019-06-13,4450000,충청북도 진천군,
양양군유기동물보호소,강원도 양양군청,법인,개,강원도 양양군 손양면 동해대로 2558,강원도 양양군 손양면 송현리 278,38.0750765,128.6339979,2008-11-27,09:00,18:00,09:00,18:00,00:00,00:00,00:00,00:00,토요일+일요일+공휴일,0,2,0,1,0,1,1,033-670-2869,2019-06-30,4350000,강원도 양양군,
(사)유기동물 및 동물보호 관리협회,강서구청,법인,"개,고양이,기타",부산광역시 강서구 가락대로 1283번길 25-2(봉림동),,35.178947,128.899747,2017-01-01,06:00,17:00,,,,,,,일요일,1,5,,,,,,051-971-6208,2019-04-30,3360000,부산광역시 강서구,
유기동물보호센터,울릉군,법인,유기견,경상북도 울릉군 울릉읍 신리길 68,경상북도 울릉군 울릉읍 사동리714-2,37.468136,130.877469,2018-01-01,09:00,18:00,09:00,18:00,,,,,"공휴일, 국경일",3,1,0,3,1,1,1,054-790-6466,2018-08-17,5260000,경상북도 울릉군,
목포시유기동물보호소,전라남도 목포시,개인,개+고양이,전라남도 무안군 삼향읍 석매길 36,전라남도 무안군 삼향읍 왕산리 197,34.8534703411,126.4314952801,2017-07-01,09:00,18:00,15:00,16:00,09:00,18:00,15:00,16:00,연중무휴,0,1,,2,1,1,1,061-270-8693,2019-06-27,4800000,전라남도 목포시,
인천수의사협회,인천광역시 미추홀구청,법인,개,인천광역시 계양구 다남로165번길56(다남동),인천광역시 계양구 다남동35-8,37.5661963,126.7174415,2017-01-01,09:00,18:00,13:30,17:00,09:00,13:00,00:00,00:00,연중무휴,1,6,1,3,1,1,1,032-515-7567,2018-09-03,3510500,인천광역시 미추홀구,
서구동물보호센터,대구광역시 서구청,단체,개+고양이+기타동물,대구광역시 북구 호국로 229,대구광역시 북구 서변동 1783-3,35.922347,128.599041,2013-01-01,09:00,18:00,09:30,18:30,09:30,16:00,09:30,16:00,공휴일,5,5,5,5,5,5,1,053-764-3708,2019-06-10,3430000,대구광역시 서구,
한사랑동물병원,전라북도 고창군,동물병원,"개,고양이",전라북도 고창군 고창읍 보릿골로138,전라북도 고창군 읍내리 681-69,35.437929,126.695974,2010-10-01,09:00,19:00,09:00,19:00,09:00,12:00,09:00,12:00,일요일,1,1,,9,9,1,1,063-562-9154,2019-06-20,4780000,전라북도 고창군,
한국야생동물보호협회,경기도 시흥시청,법인,반려동물,경기도 안산시 상록구 청곡길 50,경기도 안산시 상록구 부곡동 231-5,37.34026022,126.8700077,2017-01-02,09:00,18:00,09:00,18:00,09:00,18:00,09:00,18:00,일요일,1,2,1,1,1,1,1,031-296-0124,2019-05-23,4010000,경기도 시흥시,
우남동물병원,장성군,동물병원,"개,고양이",전라남도 장성군 장성읍 청운길 19-1,전라남도 장성군 장성읍 영천리 1273-88,35.301425,126.7810150,2014-01-01,09:00,18:00,09:00,18:00,09:00,18:00,09:00,18:00,"명절,휴가 등",1,0,1,5,1,1,1,061-393-9776,2018-08-10,4980000,전라남도 장성군,
한국동물구조관리협회,중랑구,법인,"개, 고양이, 토끼, 패럿, 기니피그, 햄스터",경기도 양주시 남면 감악산로 63-37,,37.8700725,126.9832252,2017-03-01,09:00,23:00,09:00,23:00,09:00,23:00,09:00,23:00,연중무휴,1,14,,,,,1,031-867-9119,2019-05-15,3060000,서울특별시 중랑구,
(사)한국동물구조관리협회,서초구청 지역경제과,법인,"개,고양이,기타",경기도 양주시 남면 감악산로 63-37,경기도 양주시 남면 상수리 410-1,37.8700725,126.9832252,2017-03-01,09:00,23:00,09:00,23:00,09:00,17:00,09:00,17:00,법정공휴일,1,6,1,6,1,1,7,031-867-9119,2019-12-04,3210000,서울특별시 서초구,
서초동물사랑센터,서초구청 지역경제과,법인,개,서울특별시 서초구  양재천로19길 22 (양재동),서울특별시 서초구 양재동 125 - 4,37.4763321,127.0381241,2019-12-04,10:00,17:00,10:00,17:00,10:00,17:00,10:00,17:00,"매주월요일, 법정공휴일(일요일제외)",0,5,0,1,1,1,0,02-6956-7980,2019-12-04,3210000,서울특별시 서초구,
백호동물병원,경상남도 고성군청,동물병원,개+고양이,경상남도 고성군 고성읍 중앙로15번길 62,경상남도 고성군 고성읍 서외리 253-23,34.977085,128.3223942,2017-01-01,09:00,18:00,09:00,18:00,,,,,매주 토요일 일요일,1,1,1,1,1,1,1,055-673-7194,2019-06-21,5420000,경상남도 고성군,
부산동물보호센터,부산광역시 중구,단체,"유실,유기, 피학대 동물",부산광역시 강서구 군라2길 206(대저2동),부산광역시 강서구 대저2동 5443-14,35.134758,128.928206,2018-11-01,09:00,18:00,12:00,17:00,12:00,17:00,10:00,13:00,일요일,1,2,1,7,1,1,3,051-832-7119,2019-04-30,3250000,부산광역시 중구,
하나동물병원,전라북도 남원시,동물병원,"개, 고양이",전라북도 남원시 남문로 403 (왕정동),전라북도 남원시 남문로403,35.4066270,127.3755353,2006-01-10,09:00,18:00,09:00,18:00,09:00,15:00,09:00,15:00,일요일,1,1,1,0,12,1,1,063-634-7582,2019-05-24,4700000,전라북도 남원시,
청원동물병원,전라북도 남원시,동물병원,"개, 고양이",전라북도 남원시 용성로 150-1(죽항동),전라북도 남원시 용성로95,35.4120944,127.3917314,2006-01-10,09:00,18:00,09:00,18:00,09:00,15:00,09:00,15:00,일요일,1,1,1,0,9,1,1,063-633-3533,2019-05-24,4700000,전라북도 남원시,
(사)동물구조관리협회,서울특별시 송파구청,법인,고통을 느낄 수 있는 척추동물+도심에서 자생하는 길고양이는 제외,경기도 양주시 남면 감악산로 63-37,경기도 양주시 남면 상수리 410-1,37.8700725,126.9832252,2015-03-04,00:00,24:00,09:00,18:00,09:00,24:00,,,연중무휴,1,4,1,6,1,1,7,031-867-9119,2019-05-31,3230000,서울특별시 송파구,
오산시수의사회,오산시청,동물병원,개+고양이,경기도 오산시 성호대로 36,경기도 오산시 오산동 609-55,37.1490510,127.065149,2016-01-01,09:00,18:00,09:00,18:00,,,,,주말+공휴일,1,1,1,1,1,1,1,031-372-9325,2019-08-16,4000000,경기도 오산시,
스타동물병원,경기도 하남시청,동물병원,개+고양이+등,경기도 남양주시 별내2로 64,경기도 남양주시 별내동 1008번지 센타프라자 202호,37.6465136,127.1248094,2017-09-27,09:00,18:00,,,,,,,일요일,2,1,,,,,,031-528-8575,2019-04-01,4040000,경기도 하남시,
하남동물병원,경기도 하남시청,동물병원,개+고양이+등,경기도 하남시 신평로 37,경기도 하남시 덕풍동 420-35번지,37.5371145,127.204029,2017-11-01,10:00,19:00,,,,,,,일요일,1,3,,,,,,031-793-7802,2019-04-01,4040000,경기도 하남시,
금정동물병원,군포시,동물병원,개(유기견)+고양이(다치거나 3개월령전의 새끼고양이),경기도 군포시 금산로 100 (산본동),경기도 군포시 산본동 213-9,37.370857,126.936744,2018-01-02,09:30,19:00,10:00,19:00,09:30,17:00,10:00,17:00,일요일,1,0,,,,,,031-394-2259,2019-05-21,4020000,경기도 군포시,
(사)유기동물 및 동물보호 관리협회,부산광역시 사상구청,단체,개+고양이+기타,부산광역시 강서구 가락대로1283번길 25-2(봉림동),부산광역시 강서구 봉림동 147-28,35.178959,128.899767,2015-02-05,09:00,18:00,09:00,18:00,09:00,18:00,09:00,18:00,탄력운영,1,1,1,1,1,1,1,051-971-6208,2019-03-21,3390000,부산광역시 사상구,
횡성유기동물보호센터,횡성군청,단체,"개, 고양이",강원도 원주시 호저면 칠봉로 110-6,강원도 원주시 호저면 주산리 산87-5,37.4160512,127.9118201,2016-04-20,07:00,18:00,,,,,,,연중무휴,0,3,,1,1,1,,033-731-1119,2019-06-30,4260000,강원도 횡성군,
가평군 유기동물 보호소,경기도 가평군청,동물병원,개+고양이,경기도 가평군 가평읍 아랫마장길 59,경기도 가평군 가평읍 승안리 100,37.845891,127.497781,2014-01-01,09:00,18:00,09:00,18:00,,,,,토요일+일요일,1,1,1,1,1,2,1,031-580-4794,2019-04-26,4160000,경기도 가평군,
사랑동물병원,울산광역시 남구청,동물병원,개+고양이+기타,울산광역시 남구 중앙로165-1(신정동),울산광역시 남구 신정동 657-1,35.5358345,129.313478,2018-01-08,09:30,19:00,09:30,19:00,09:30,17:00,09:30,17:00,매주 일요일,1,2,1,1,1,1,0,052-273-0075,2019-05-28,3700000,울산광역시 남구,
미래펫동물병원,울산광역시 남구청,동물병원,개+고양이+기타,울산광역시 남구 중앙로 218-1(신정동),울산광역시 남구 신정동 186-9,35.540423,129.3123146,2018-01-08,10:00,18:00,10:00,18:00,10:00,17:00,10:00,17:00,매주 일요일,1,1,1,1,1,1,0,052-273-5911,2019-05-28,3700000,울산광역시 남구,
남산동물병원,울산광역시 남구청,동물병원,개+고양이+기타,울산광역시 남구 북부순환도로 40(무거동),울산광역시 남구 무거동 1434-3,35.5519099,129.2680385,2018-01-08,09:30,19:00,09:30,19:00,09:30,18:00,09:30,18:00,매주 일요일,1,1,1,1,1,1,0,052-211-4113,2019-05-28,3700000,울산광역시 남구,
스마일동물병원,울산광역시 남구청,동물병원,개+고양이+기타,울산광역시 남구 대학로112(무거동),울산광역시 남구 무거동 617-3,35.5446881,129.2609529,2018-01-08,09:30,19:00,09:30,19:00,09:30,17:00,09:30,17:00,매주 일요일,1,1,1,1,1,1,0,052-277-0075,2019-05-28,3700000,울산광역시 남구,
리틀쥬동물병원,울산광역시 남구청,동물병원,개+고양이+기타,울산광역시 남구 봉월로 104(신정동),울산광역시 남구 신정동 576-18,35.5417375,129.3063126,2018-01-08,09:00,19:00,09:00,19:00,09:30,17:00,09:30,17:00,매주 일요일,2,1,2,1,1,1,0,052-268-8884,2019-05-28,3700000,울산광역시 남구,
강남동물병원,울산광역시 남구청,동물병원,개+고양이+기타,울산광역시 남구 돋질로 232(삼산동),울산광역시 남구 달동 1328-3,35.5426056716,129.3304758807,2018-01-08,09:30,19:00,09:30,19:00,09:30,18:00,09:30,18:00,매주 일요일,1,1,1,1,1,1,0,052-267-0025,2019-05-28,3700000,울산광역시 남구,
울산유기동물보호센터,울산광역시 남구청,단체,개+고양이+기타,울산광역시 울주군 온양읍 화산발리로 543(온양읍),울산광역시 울주군 온양읍 발리 1144,35.3911384,129.2859116,2018-01-08,09:00,18:00,09:00,18:00,09:00,18:00,09:00,18:00,공휴일,0,5,1,12,1,1,2,052-238-6113,2019-05-28,3700000,울산광역시 남구,
한국동물구조관리협회,경기도 양주시청,법인,개+고양이+야생동물,경기도 양주시 감악산로63-37,,37.8700725,126.9832252,2017-03-01,09:00,18:00,,,,,,,공휴일+일요일,1,8,,,,,,031-867-9119,2019-06-03,3030000,서울특별시 성동구,
익산시 유기동물보호소,익산시청 축산과,법인,개+고양이,전라북도 익산시 서동로 42길 77,,35.936823,127.002345,2018-01-03,09:00,18:00,,,,,,,연중무휴,0,2,,,,,,000-0000-0000,2019-06-24,4680000,전라북도 익산시,
영월군위탁관리보호소,강원도 영월군청,개인,개+고양이,강원도 영월군 영월읍 봉래산로 546-32,,37.223941,128.466159,2018-01-01,09:00,18:00,,,,,,,토요일+일요일+공휴일,0,0,,,,,,033-370-1613,2018-08-26,4270000,강원도 영월군,
의성동물보호센터,경상북도 의성군청,동물병원,개,,경상북도 의성군 의성읍 치선리 340,36.329331,128.732923,2019-01-01,09:00,18:00,09:00,18:00,,,,,매주 토요일 일요일 및 공휴일,0,1,1,1,1,1,1,000-0000-0000,2019-01-31,5150000,경상북도 의성군,
위더스동물보호센터,이천시청,동물병원,"유기동물(개, 고양이 등)",경기도 여주시 능서면 능서공원길 34,경기도 여주시 능서면 신지리 764-4,37.297329,127.575857,2019-01-18,09:00,18:00,09:00,18:00,00:00,00:00,00:00,00:00,"주말(토,일), 공휴일",1,2,1,1,1,1,1,031-882-4381,2019-07-17,4070000,경기도 이천시,
임시동물보호소,충청남도 보령시농업기술센터,개인,"개, 고양이, 염소",충청남도 보령시 녹문3길 7,충청남도 보령시 내항동 139-3,36.3325806,126.5882243,2012-01-01,09:00,18:00,09:00,18:00,,,,,없음,1,1,1,2,1,1,1,041-930-7909,2019-06-26,4510000,충청남도 보령시,
연합동물병원,전라북도 완주군청,동물병원,개+기타,전라북도 완주군 용진읍 완주로 179,전라북도 완주군 용진읍 상운리 74-2,35.8811138,127.1555652,2015-01-01,09:00,18:00,,,,,,,탄력운영,1,1,1,1,1,1,1,063-245-7588,2019-05-01,4720000,전라북도 완주군,
한국동물구조관리협회,서울특별시 광진구청,법인,유실동물,경기도 양주시 남면 감악산로 63-37,경기도 양주시 남면 상수리 410-1,36.739808,126.912685,2017-01-13,09:00,18:00,09:00,18:00,09:00,18:00,,,일요일+공휴일,1,7,1,6,1,1,7,031-867-9119,2019-02-20,3040000,서울특별시 광진구,
거제시유기동물보호소,경상남도 거제시,법인,유기동물,경상남도 거제시 사등면 두동로1길 109,경상남도 거제시 사등면 사곡리 375-1,34.883769299,128.573667748,2008-03-10,09:00,18:00,14:00,17:00,09:00,18:00,14:00,17:00,연중무휴,0,4,0,12,2,,,055-639-6366,2019-08-19,5370000,경상남도 거제시,
충주시 반려동물보호센터,충주시 축산과,단체,개+고양이+기타,충청북도 충주시 중앙탑면 일곱실길 70,충청북도 충주시 중앙탑면 용전리 산7-32,37.00824686,127.849822,2018-07-01,09:00,18:00,13:00,18:00,09:00,13:00,09:00,13:00,연중무휴,1,4,1,1,1,1,1,043-851-3168,2019-04-30,4390000,충청북도 충주시,
홍천군유기동물보호소,홍천군청 축산과,법인,개+고양이,강원도 홍천군 화촌면 둔덕이길 68,,37.754971,127.947423,2014-05-21,00:00,24:00,,,,,,,연중무휴,0,3,,,,1,1,033-434-9435,2018-08-27,4250000,강원도 홍천군,
바둑이마을,평창군청,법인,개,강원도 평창군 진부면 청송로 61,강원도 평창군 진부면 청송로 61,37.6367651,128.5530776,2014-07-24,09:00,18:00,,,,,,,공휴일,0,1,,1,1,,,033-335-5559,2019-06-10,4280000,강원도 평창군,
부산동물보호센터,부산광역시 서구청,개인,개+고양이+기타,부산광역시 강서구 군라2길 206 (대저2동),,35.13456442,128.9282297,2015-03-01,09:00,18:00,,,,,,,일요일,1,1,,,,,,051-832-7119,2019-05-10,3260000,부산광역시 서구,
구례보호소,구례군청,개인,개+고양이,전라남도 구례군 문척면 구성1길 74-20,전라남도 구례군 문척면 월전리 1517-3,35.1976543,127.4835919,2018-01-01,09:00,18:00,,,,,,,연중무휴,1,0,,1,1,,0,061-000-0000,2019-06-26,4870000,전라남도 구례군,
사단법인 한국동물구조관리협회,양주시청,법인,개+고양이+기타동물,경기도 양주시 남면 감악산로 63-37,경기도 양주시 남면 상수리 410-1번지,37.870053,126.983186,2018-03-01,09:00,18:00,09:00,18:00,09:00,18:00,09:00,18:00,일요일,1,7,2,8,2,1,5,031-867-9119,2019-05-13,5590000,경기도 양주시,
동물구조관리협회,서울특별시 노원구청,법인,유기동물,경기도 양주시 남면 감악산로 63-37,경기도 양주시 남면 상수리 410-1,37.870073,126.983225,2017-03-01,09:00,18:00,09:00,18:00,09:00,18:00,09:00,18:00,일요일,1,5,1,5,1,2,7,031-868-2851,2018-10-16,3100000,서울특별시 노원구,
대전광역시 동물보호센터,대전광역시,법인,개+고양이+토끼+햄스터+등,대전광역시 유성구 갑동로15번길 20-39,대전광역시 유성구 갑동 327-56,36.363193,127.286821,2011-01-01,10:00,18:00,13:00,16:00,10:00,18:00,13:00,16:00,연중무휴,1,7,,,,,,042-825-1118,2018-08-30,6300000,대전광역시,
춘천시동물보호센터,춘천시 동물보호센터,단체,유기동물(자생하는 길고양이 제외)단 다친 고양이나어미잃은 새끼고양이는구조대상에 포함,강원도 춘천시 신샘밭로 213,강원도 춘천시 신동 1206-13,37.9225238,127.7344416,2013-01-14,09:00,18:00,09:00,18:00,00:00,00:00,00:00,00:00,"토요일, 일요일 및 법정공휴일",1,3,1,7,6,1,1,033-250-4773,2019-08-01,4180000,강원도 춘천시,
산청동물보호센터,산청동물보호수의사,법인,개+고양이,경상남도 산청군 산청읍 모고리 1349,경상남도 산청군 산청읍 모고리 1349,35.426150,127.881065,2010-10-11,10:00,14:00,10:00,14:00,,,,,연중무휴,2,1,1,2,1,1,0,055-970-7842,2019-08-16,5450000,경상남도 산청군,
청조동물병원,연제구청,동물병원,유기동물,부산광역시 연제구 온천천남로 4(연산동),부산광역시 연제구 연산동 300-3,35.1929568,129.0912906,2017-01-01,00:00,23:59,10:00,17:00,00:00,23:59,00:00,00:00,연중무휴,1,1,1,50,20,1,1,051-503-0688,2019-05-16,3370000,부산광역시 연제구,
함안군동물보호소,함안군,단체,개,경상남도 함안군 가야읍 함안대로 755,경상남도 함안군 가야읍 말산리 684-513,35.293573,128.397887,2011-10-01,09:00,18:00,09:00,18:00,09:00,18:00,,,없음,0,1,1,2,1,1,0,055-580-4462,2018-12-18,5400000,경상남도 함안군,
화순군동물보호센터,화순군청,개인,"개, 고양이",전라남도 화순군 화순읍 한고을길42,전라남도 화순군 화순읍 대리356,35.053791,126.9732498,2003-01-01,09:00,18:00,09:00,18:00,,,,,연중무휴,0,0,,,1,,1,061-379-3655,2019-06-25,4900000,전라남도 화순군,
순천시 유기동물임시보호소,순천시,단체,개,전라남도 순천시 승주읍 승주로 628,전라남도 순천시 승주읍 서평리 555,35.0158732,127.3791655,2017-01-01,09:00,18:00,10:00,17:00,10:00,16:00,10:00,16:00,N,0,4,0,0,2,1,1,061-749-3094,2019-06-26,4820000,전라남도 순천시,
어울림 보호센터,순천시,단체,"개,고양이",전라남도 순천시 민속마을길 978,전라남도 순천시 상사면 쌍지리 396,34.9269297241,127.409966045,2017-01-01,10:00,18:00,10:00,17:00,10:00,16:00,10:00,16:00,주말,0,2,0,0,3,1,1,000-000-0000,2019-06-26,4820000,전라남도 순천시,
위더스동물메디컬센터 부설 동물보호센터,여주시,동물병원,개+고양이,경기도 여주시 능서공원길 34,,37.29723784,127.5759443,2019-01-07,09:00,18:00,09:00,18:00,,,,,토+일,1,2,1,2,1,1,1,031-882-4381,2019-03-29,5700000,경기도 여주시,
울산유기동물보호센터,울산광역시 울주군청,개인,개+고양이+기타,울산광역시 울주군 온양읍 화산발리로 543,울산광역시 울주군 온양읍 발리 1144,35.3911384,129.2859116,2017-12-29,09:00,18:00,09:00,18:00,09:00,18:00,09:00,18:00,공휴일,0,5,1,12,1,1,2,052-238-6113,2019-08-13,3730000,울산광역시 울주군,
와우동물병원,울산광역시 울주군청,동물병원,개+고양이+기타,울산광역시 울주군 언양읍 읍성로 135,울산광역시 울주군 언양읍 동부리 370-15,35.5702722,129.1230926,2017-12-29,09:00,18:00,09:00,18:00,09:00,18:00,09:00,18:00,일요일,1,0,1,1,1,1,0,052-225-0075,2019-08-13,3730000,울산광역시 울주군,
범서조은동물병원,울산광역시 울주군청,동물병원,개+고양이+기타,울산광역시 울주군 범서읍 천상중앙길 49,울산광역시 울주군 범서읍 천상리 371-2,35.563515,129.231009,2017-12-29,09:00,18:00,09:00,18:00,10:00,16:00,10:00,16:00,공휴일,1,5,1,1,1,1,0,052-248-7582,2019-08-13,3730000,울산광역시 울주군,
초록동물병원,울산광역시 울주군청,동물병원,개+고양이+기타,울산광역시 울주군 삼남면 상평강변길 3,울산광역시 울주군 삼남면 교동리 1499-264,35.5625232,129.121373,2017-12-29,09:00,18:00,09:00,18:00,09:00,18:00,09:00,18:00,일요일,1,3,1,1,1,1,0,052-262-6114,2019-08-13,3730000,울산광역시 울주군,
증평가정견훈련소,괴산군,개인,유기견,충청북도 증평군 도안면 입장길 239,충청북도 증평군 도안면 송정리 12-3,36.8469650863,127.608237116,2018-08-06,09:00,18:00,09:00,18:00,09:00,18:00,09:00,18:00,-,0,2,1,1,1,1,1,000-0000-0000,2019-06-21,4460000,충청북도 괴산군,
고성군임시보호소,고성군청,개인,개,,강원도 고성군 죽왕면 가진리 460번지,38.369034,128.493527,2018-07-02,09:00,18:00,09:00,18:00,24:00,24:00,24:00,24:00,공휴일,0,1,0,2,1,1,1,033-680-3723,2018-08-21,4340000,강원도 고성군,
중부벳동물병원,충청남도 아산시청,동물병원,"개+고양이+미니돼지+양,염소+설치류+파충류+애완조류",충청남도 아산시 염치읍 충무로 295-9,충청남도 아산시 염치읍 석정리 99-21,36.806046,127.005281,2016-07-01,09:00,18:00,09:00,18:00,09:00,18:00,09:00,18:00,연중무휴,1,2,1,2,1,1,2,041-533-3563,2018-10-08,4520000,충청남도 아산시,
(사)한국야생동물보호협회 경기도남부지회,안산시농업기술센터 농업정책과,법인,개+토끼+앵무새,경기도 안산시 상록구 청곡길 50(부곡동),경기도 안산시 상록구 부곡동 231-5,37.340129,126.870048,2016-12-28,00:00,23:59,09:00,18:00,,,,,연중무휴,1,3,1,5,2,1,1,031-296-0124,2019-07-05,3930000,경기도 안산시,
이리온동물병원 안산점,안산시농업기술센터 농업정책과,동물병원,고양이,"경기도 안산시 단원구 한양대학로 208,2층","경기도 안산시 단원구 고잔동 730-3,2층",37.313537,126.836745,2019-06-06,00:00,23:59,09:00,18:00,,,,,"토, 일, 공휴일(구조는 가능)",1,2,1,1,1,1,1,031-410-3777,2019-07-05,3930000,경기도 안산시,
(사)한국동물구조관리협회,포천시청,법인,"개,고양이",경기도 양주시 남면 감악산로 63-37,경기도 양주시 남면 상수리 410-1,37.870403,126.983214,2017-10-18,09:00,18:00,09:00,16:00,09:00,18:00,09:00,16:00,매주 일,1,8,1,6,1,1,5,031-867-9119,2019-05-15,5600000,경기도 포천시,
점곡동물보호센터,경상북도 청송군청,개인,개,경상북도 청송군 현동면 도평리 149,,36.304104,129.0522909,2014-10-01,09:00,18:00,,,,,,,주말+공휴일,0,0,,,,,,054-870-6282,2019-04-30,5160000,경상북도 청송군,
청송동물보호센터,경상북도 청송군청,개인,개,경상북도 청송군 청송읍 부곡길 66,,36.446007,129.083139,2018-01-01,09:00,18:00,,,,,,,주말+공휴일,0,0,,,,,,054-870-6282,2019-04-30,5160000,경상북도 청송군,
창원유기동물보호소,농업기술센터 창원기술지원과,법인,개,경상남도 창원시 의창구 창이대로 71 (명서동),경상남도 창원시 의창구 명서동 211,35.238491,128.645565,2003-01-01,09:00,18:00,15:00,16:00,,,,,주말 및 공휴일,0,1,1,3,1,1,0,055-225-5391,2018-06-30,5670000,경상남도 창원시,
마산유기동물보호소,농업기술센터 마산기술지원과,법인,개,경상남도 창원시 마산합포구 지산2길 139-112,경상남도 창원시 마산합포구 진북면 지산리 171-12,35.119419,128.468229,2008-03-28,09:00,18:00,15:00,16:00,,,,,주말 및 공휴일,0,1,0,1,1,1,1,055-225-5625,2018-06-30,5670000,경상남도 창원시,
진해유기동물보호소,농업기술센터 진해기술지원과,법인,개,경상남도 창원시 진해구 웅천로 218 (성내동),경상남도 창원시 진해구 성내동 205,35.114028,128.754279,2010-11-01,09:00,18:00,15:00,16:00,,,,,주말 및 공휴일,0,1,1,1,1,1,1,055-225-5703,2018-06-30,5670000,경상남도 창원시,
사천시유기동물보호센터,농축산과,단체,개,경상남도 사천시 흥신로 514,경상남도 사천시 곤명면 신흥리 878-2,35.115105,127.999155,2017-01-02,09:00,18:00,09:00,18:00,09:00,18:00,09:00,18:00,없음,0,1,1,10,2,1,1,055-831-0000,2019-04-16,5340000,경상남도 사천시,
한국동물구조관리협회,의정부시청,법인,개,경기도 양주시 남면 감악산로 63-37,경기도 양주시 남면 상수리 410-1번지,37.8700531,126.9831861,2013-12-24,09:00,18:00,09:00,18:00,,,,,공휴일,1,7,1,7,1,1,6,031-867-9119,2019-04-01,3820000,경기도 의정부시,
무안군유기동물센터,전라남도 무안군청,개인,개+고양이,전라남도 무안군 무안읍 창포로 478-29,전라남도 무안군 무안읍 신학리 869,34.9806726,126.4348844,2017-02-04,09:00,18:00,09:00,18:00,,,,,토요일+일요일,0,1,,2,1,1,1,000-000-0000,2019-06-26,4950000,전라남도 무안군,
(사단)한국동물구조관리협회,서울특별시 서대문구청,법인,개 등 주인을 잃은 반려동물,경기도 양주시 남면 감악산로 63-37,경기도 양주시 남면 상수리 410-1,37.871359,126.983988,2017-03-01,09:00,18:00,09:00,18:00,09:00,18:00,09:00,18:00,"일요일, 공휴일",01,07,01,06,01,01,05,031-867-9119,2019-02-12,3120000,서울특별시 서대문구,
수성구유기동물보호센터,대구시수의사회,법인,"개,고양이,기타반려동물",대구광역시 북구 호국로 229,대구광역시 북구 서변동 1783-3,35.922372,128.599029,2017-01-01,09:00,18:00,09:00,18:00,,,,,국정공휴일,5,5,3,34,36,3,2,053-764-3708,2018-07-31,3460000,대구광역시 수성구,
광주광역시동물보호소,광주광역시청,단체,유기동물,광주광역시 북구 본촌마을길 25,광주광역시 북구 본촌동 379-4,35.222608,126.8817785,2011-07-01,09:00,18:00,10:00,16:00,09:00,18:00,10:00,16:30,없음,1,7,1,9,3,1,1,062-571-2808,2019-06-04,6290000,광주광역시,
군산유기동물임시보호소,도그랜드,동물병원,개,전라북도 군산시 대야면 보덕안정길 108-20,전라북도 군산시 대야면 보덕리 828-2,35.960226,126.816960,2018-02-01,09:00,18:00,09:00,18:00,09:00,18:00,09:00,18:00,없음,0,1,0,5,0,0,2,063-454-2870,2019-04-12,4670000,전라북도 군산시,
부산동물보호센터,경상남도 김해시청,단체,유기동물,부산광역시 강서구 군라2길 206,부산광역시 강서구 대저2동 5443-14,35.1345653,128.9282488,2017-01-01,09:00,18:00,13:00,17:00,11:00,12:30,11:00,12:30,"일요일, 공휴일",1,5,1,7,2,3,2,051-832-7119,2019-06-24,5350000,경상남도 김해시,
영덕동물보호센터,경상북도 영덕군청,법인,개+고양이,경상북도 영덕군 영덕읍 구미2길 14-1,,36.437289,129.355743,2017-10-23,09:00,18:00,,,,,,,연중무휴,1,1,,,,,,054-730-6286,2018-09-03,5180000,경상북도 영덕군,
정주동물병원,전라북도 정읍시청,동물병원,개,전라북도 정읍시 칠보면 칠보중앙로 77-4,전라북도 정읍시 칠보면 시산리 597-7,35.602881,126.9923158,2019-01-02,09:00,18:00,09:00,18:00,,,,,토요일 오후+일요일,1,1,1,1,1,1,1,063-539-7114,2019-04-03,4690000,전라북도 정읍시,
자인동물보호소,경산시,동물병원,"개,고양이",경상북도 경산시 용성면 육동로 220-18(용성면),경상북도 경산시 부제리 737-1,35.779577,128.881925,2018-01-01,09:00,18:00,,,,,,,연중무휴,1,1,1,1,,,1,053-810-6713,2018-08-24,5130000,경상북도 경산시,
인천종합동물병원,인천광역시 동구청,동물병원,개+고양이,인천광역시 동구 솔빛로 2,인천광역시 동구 송현동 99-15,37.476572,126.6336309,2017-01-01,10:00,20:00,10:00,20:00,10:00,18:00,10:00,18:00,연중무휴,1,3,1,2,1,1,2,032-765-0112,2019-06-30,3500000,인천광역시 동구,
예천군유기동물보호소,예천군청,개인,개,경상북도 예천군 예천읍 충효로 632-84,경상북도 예천군 예천읍 통명리 551-1,36.674497,128.476168,2016-07-26,09:00,18:00,09:00,18:00,,,,,주말+공휴일,1,1,,,,,,054-650-6578,2019-04-25,5230000,경상북도 예천군,
경동동물병원,경제정책과,동물병원,개+고양이+기타,인천광역시 중구 개항로 68,,37.471909,126.6299454,2017-12-22,09:00,18:00,,,,,,,연중무휴,1,2,,,,,,032-765-9988,2019-04-09,3490000,인천광역시 중구,
진주시 유기동물보호소,경상남도 진주시청,법인,개,경상남도 진주시 집현면 신당길207번길 22,경상남도 진주시 집현면 신당리 623-2,35.227444,128.123027,2005-06-16,09:00,18:00,09:00,18:00,,,,,토+일,3,2,0,1,1,1,1,055-749-7974,2018-10-10,5310000,경상남도 진주시,
사단법인 하얀비둘기,영도구청,법인,"개,고양이",부산광역시 강서구 수가로 659-13,부산광역시 강서구 범방동 1792-4,35.1710494347,128.877213603,2019-01-01,09:00,18:00,09:00,18:00,09:00,18:00,09:00,18:00,변동,1,1,1,40,1,1,2,051-293-9779,2019-07-24,3280000,부산광역시 영도구,
이성준동물병원,경기도 안성시청,동물병원,"개,길고양이",경기도 안성시 중앙로 431-1,경기도 안성시 봉남동 326-2,37.006555,127.274781,2018-01-19,09:30,19:00,09:30,19:00,10:30,13:30,10:30,13:30,일요일,1,2,2,2,1,1,1,031-673-5858,2019-03-31,4080000,경기도 안성시,
보성유기동물보호센터,전라남도 보성군청,개인,개,전라남도 보성군 노동면 노동천동길 209,전라남도 보성군 노동면 신천리 137-1,34.8298863,127.0654866,2019-05-23,09:00,18:00,,,,,,,연중무휴,0,1,,1,,,1,3666-5354,2019-06-26,4890000,전라남도 보성군,
누리동물보호센터,부산광역시 기장군청,동물병원,개+고양이+기타,부산광역시 해운대구 송정2로13번길 46,부산광역시 해운대구 송정동 85-1,35.194811,129.206193786,2018-01-01,09:00,18:00,09:00,18:00,09:00,18:00,09:00,18:00,공휴일,2,2,1,8,1,1,3,051-709-7599,2019-08-26,3400000,부산광역시 기장군,
태백유기동물,강원도 태백시,개인,개,강원도 태백시 문의재로 5(통동),강원도 태백시 통동 75-81,37.1728393,129.040746,2013-04-01,09:00,18:00,13:00,18:00,,,,,연중무휴,0,1,,,,,,033-553-7000,2019-06-19,4220000,강원도 태백시,
정선가축병원,농업기술센터,동물병원,유기동물,강원도 정선군 정선읍 정선로 1321,강원도 정선군 정선읍 봉양리 220-6,37.379665,128.660687,2018-01-01,09:00,19:00,09:00,19:00,09:00,14:00,09:00,14:00,일요일 공휴일,1,1,1,3,1,1,1,033-563-0198,2018-09-04,4290000,강원도 정선군,
다나동물병원,농업기술센터,동물병원,유기동물,강원도 정선군 정선읍 비봉로 46,강원도 정선군 정선읍 봉양리 321-3,37.381322,128.663159,2018-01-01,09:00,19:00,09:00,19:00,09:00,14:00,09:00,14:00,일요일 공휴일,1,0,1,1,1,1,1,033-563-6563,2018-09-04,4290000,강원도 정선군,
사단법인 한국동물구조관리협회,서울특별시강서구청,법인,개+고양이+기타동물,경기도 양주시 남면 감악산로 63-37,,36.739808,126.912685,2017-03-01,09:00,18:00,09:00,18:00,09:00,18:00,09:00,18:00,일요일,1,7,2,8,2,1,5,031-867-9119,2018-11-20,3150000,서울특별시 강서구,
대구광역시 달성군 동물보호센터,달성군청,법인,개+고양이+기타,대구광역시 북구 호국로 229,,35.922346,128.599039,2017-01-25,09:00,18:00,,,,,,,국공휴일,6,6,,,,,,053-764-3708,2019-06-25,3480000,대구광역시 달성군,
단양군유기동물보호소,단양군,단체,"개, 고양이 등 유기동물",충청북도 단양군 단양산업단지2로 88-34,충청북도 단양군 매포읍 단양산업단지2로 88-34,37.017203,128.301233,2008-11-08,09:00,18:00,09:00,18:00,09:00,18:00,09:00,18:00,없음,0,1,0,3,1,1,1,043-422-4351,2018-07-31,4480000,충청북도 단양군,
누리동물병원,동래구청,법인,유기동물,부산광역시 해운대구 송정2로 13번길 46,,35.1948541028,129.206193786,2018-01-01,00:00,12:00,09:00,18:00,00:00,12:00,09:00,18:00,"토,일,공휴일",1,5,1,9,1,1,3,051-701-7599,2019-08-22,3300000,부산광역시 동래구,
대구유기동물보호센터,대구광역시 달서구청,동물병원,개+고양이+기타애완동물일부,대구광역시 동구 금강로 151-13,,35.86387405,128.735955,2017-01-01,09:00,18:00,,,,,,,일요일+공휴일,1,3,,,,,,053-964-6258,2019-05-31,3470000,대구광역시 달서구,
러브펫종합동물병원,서울특별시 관악구청,동물병원,개+고양이+기타유기동물,서울특별시 관악구 남부순환로 1451,서울특별시 관악구 신림동 543-7,37.481566,126.9120098,2014-03-11,09:00,18:00,,,,,,,연중무휴,2,5,,,,,,02-837-8875,2019-05-30,3200000,서울특별시 관악구,
포항시동물보호센터,포항시 축산과,단체,개+고양이+야생동물(유해조수 제외),경상북도 포항시 북구 흥해읍 덕장길 224,경상북도 포항시 북구 흥해읍 덕장리 산67-2,36.145682151,129.332620919,2019-07-01,09:00,18:00,,,09:00,18:00,,,연중무휴,1,4,1,6,1,1,1,054-262-8295,2019-08-20,5020000,경상북도 포항시,
삼척시유기동물보호소,삼척시청 축산과,개인,개+고양이,강원도 삼척시 척주로 131 아름애견,강원도 삼척시 정상동 448-8,37.4419669,129.1774042,2017-09-01,09:00,18:00,09:00,18:00,,,,,공휴일,0,2,0,1,1,1,1,033-574-4942,2019-06-26,4240000,강원도 삼척시,
종합가축병원,문경시청,동물병원,개+고양이,경상북도 문경시 중앙로 170(흥덕동),경상북도 문경시 흥덕동 200-1,36.599668,128.202545,2017-07-11,09:00,22:00,09:00,19:00,09:00,22:00,10:00,14:00,일요일+공휴일,1,2,,,,,,054-552-2233,2019-05-20,5120000,경상북도 문경시,
용인시 동물보호센터,용인시청,동물병원,"개+고양이+기타(고슴도치, 앵무새, 토끼, 햄스터 등)",경기도 용인시 처인구 중부대로 1074-1,경기도 용인시 처인구 삼가동 164번지,37.243299,127.1591338,2017-01-02,09:00,18:00,10:00,16:00,09:00,18:00,10:00,16:00,토요일+일요일+공휴일,1,6,1,6,2,1,1,031-324-3465,2019-04-04,4050000,경기도 용인시,
KU건국동물병원,충청남도 예산군청,동물병원,개+고양이,충청남도 예산군 예산읍 벚꽃로 153,,36.694184,126.836326,2018-01-01,09:00,19:00,09:00,19:00,09:00,17:00,09:00,17:00,일,2,2,2,1,1,1,2,041-335-1023,2018-08-27,4610000,충청남도 예산군,
창녕유기동물보호소,경상남도 창녕군청,단체,"유실,유기동물(길고양이는 제외)+피학대동물 중 소유자 알수없거나, 적정한 치료및 보호를 받지 못하는 동물",,경상남도 창녕군 고암면 억만리 28-1,35.573974,128.507423,2016-07-05,09:00,18:00,09:00,18:00,09:00,18:00,09:00,18:00,공휴일,1,1,0,2,1,1,1,055-530-6103,2019-06-26,5410000,경상남도 창녕군,
영암 유기동물 삼호 보호소,전라남도 영암군청,개인,개,전라남도 영암군 삼호읍 녹색로 1117-49,전라남도 영암군 삼호읍 산호리 277-21,34.748372,126.485851,2017-04-01,09:00,18:00,13:00,18:00,09:00,18:00,13:00,18:00,공휴일,0,1,0,50,3,1,0,070-9599-5400,2019-06-19,4940000,전라남도 영암군,
천안시 유기동물보호소,충청남도 천안시,단체,유기동물,충청남도 천안시 동남구 목천읍 학수소사길 132,충청남도 천안시 목천읍 소사리 178,36.7379013,127.1732576,2019-03-14,09:00,18:00,09:00,18:00,09:00,18:00,09:00,18:00,연중무휴,1,8,,,,,1,041-0000-0000,2019-06-14,6440000,충청남도,
이기영수의과병원,충청남도 공주시,동물병원,개+고양이+기타,충청남도 공주시 감영길 7,충청남도 공주시 반죽동 194-3,36.4528566,127.122068,2019-03-01,00:00,23:59,09:00,21:00,00:00,23:59,09:00,21:00,연중무휴,1,3,2,1,1,2,3,041-853-7575,2019-06-12,6440000,충청남도,
임시동물보호소,충청남도 보령시농업기술센터,개인,"개, 고양이, 염소",충청남도 보령시 녹문3길 7,충청남도 보령시 내항동 139-3,36.3325806,126.5882243,2012-01-01,09:00,18:00,09:00,18:00,,,,,연중무휴,1,1,1,2,1,1,1,041-930-7909,2019-01-10,6440000,충청남도,
중부벳 동물병원,충청남도 아산시,동물병원,개+고양이+염소+유기동물,충청남도 아산시 충무로 295-9,충청남도 아산시 염치읍 석정리 99-21,36.8068969994,127.004818669,2016-07-01,09:00,18:00,09:00,12:00,09:00,18:30,09:00,12:00,일요일,1,3,1,1,1,1,2,041-537-3831,2019-06-12,6440000,충청남도,
성심동물병원,충청남도 서산시,동물병원,반려목적의 동물(길고양이제외),충청남도 서산시 안견로 312,,36.7774869,126.4488973,2019-01-01,09:00,19:00,,,,,,,연중무휴,1,1,,,,,,041-666-2747,2019-06-12,6440000,충청남도,
서산동물병원,충청남도 서산시,동물병원,반려목적의 동물(길고양이제외),충청남도 서산시 안견로 235,,36.7778902,126.457442,2018-01-01,09:00,19:00,,,,,,,토요일+일요일,2,0,,,,,,041-667-5525,2019-06-12,6440000,충청남도,
호크종합 동물병원,충청남도 논산시,동물병원,"개,고양이",충청남도 논산시 중앙로 398번길 2,충청남도 논산시 취암동 1051-2,36.199713,127.0895037,2019-01-22,09:30,18:30,09:30,18:30,09:30,18:00,09:30,18:30,일요일,1,1,1,,,,,041-736-8875,2019-06-11,6440000,충청남도,
유명동물병원,충청남도 논산시,동물병원,"개,고양이",충청남도 논산시 관촉로 288,충청남도 논산시 취암동 1039-11,36.204472,127.090745,2019-01-22,09:30,18:30,09:30,18:30,09:30,18:30,09:30,18:30,일요일,1,1,1,,,,,041-736-4290,2019-06-11,6440000,충청남도,
계룡시 유기동물보호소,충청남도 계룡시,개인,개+고양이,충청남도 계룡시 엄사면 천마로12,충청남도 계룡시 엄사면 유동리 1-15,36.2806825,127.2410301,2019-01-01,09:00,18:00,,,,,,,토요일+일요일,1,1,1,2,1,1,1,041-0000-0000,2019-06-11,6440000,충청남도,
당진시동물보호소,충청남도 당진시농업기술센터,개인,"개, 고양이",충청남도 당진시 고대면 연동로 30-6,충청남도 당진시 고대면 진관리 718-1,36.9340412511,126.596254,2019-01-01,09:00,18:00,09:00,18:00,,,,,연중무휴,1,3,1,5,1,1,1,041-356-8210,2019-06-01,6440000,충청남도,
우신동물병원,충청남도 금산군,동물병원,개+고양이+염소등 유기동물,충청남도 금산군 금산읍 오리정 1길 45,충청남도 금산군 금산읍 중도리 203-17,36.1049276,127.488096,2018-11-05,09:00,18:00,10:00,17:00,10:00,17:00,10:00,17:00,법정공휴일,1,0,1,4,1,0,0,041-753-8128,2019-06-13,6440000,충청남도,
녹십자 동물병원,충청남도 부여군,동물병원,개+고양이,충청남도 부여군 부여읍 성왕로 202-3,,36.2824146,126.910018,2018-01-01,08:30,18:30,,,,,,,토요일+일요일,1,1,,,,,,041-835-2879,2019-06-13,6440000,충청남도,
서천군 동물보호소,충청남도 서천군,개인,개+고양이,충청남도 서천군 마산면 한마로 1189-20,충청남도 서천군 마산면 나궁리 263,36.1796361,126.7729021,2019-01-01,09:00,18:00,10:00,17:00,09:00,18:00,10:00,17:00,일요일+추석+설,1,2,,10,2,1,1,041-950-4388,2019-06-11,6440000,충청남도,
종합동물병원,충청남도 청양군,동물병원,"개,고양이",충청남도 청양군 대치면 수석리 343,,36.470868,126.831294,2006-10-15,09:00,18:00,09:00,18:00,,,,,토요일+일요일+공휴일,1,0,,,,,,041-940-2973,2019-06-10,6440000,충청남도,
금일 동물보호소,충청남도 홍성군,개인,"개,고양이",충청남도 홍성군 홍동면 충절로 625,충청남도 홍성군 홍동면 신기리565-4,36.5788465,126.7055128,2014-01-01,08:00,18:00,09:00,18:00,08:00,18:00,08:00,18:00,연중무휴,1,2,,2,1,1,1,041-0000-0000,2019-06-10,6440000,충청남도,
KU건국 동물병원,충청남도 예산군,동물병원,개+고양이,충청남도 예산군 예산읍 벚꽃로 153,충청남도 예산군 예산읍 산성리 94,36.6941456,126.8363377,2019-01-01,09:00,19:00,09:00,19:00,09:00,17:00,09:00,17:00,일요일+추석+설,2,1,1,1,5,1,1,070-4177-1023,2019-06-11,6440000,충청남도,
최기중동물병원,충청남도 태안군,동물병원,개,충청남도 태안군 태안읍 중앙로 32,,36.755593,126.2930152,2018-01-01,09:00,19:00,13:00,19:00,09:00,16:00,13:00,16:00,일요일,1,1,1,1,1,1,1,041-672-0346,2019-06-12,6440000,충청남도,
남양주동물보호협회,경기도 남양주시청,단체,"유실,유기동물(길고양이는 제외)+피학대동물 중 소유자 알수없거나, 적정한 치료및 보호를 받지 못하는 동물",경기도 남양주시 금곡로 44,경기도 남양주시 금곡동 427-28,37.633921,127.207921,2015-11-13,09:00,18:00,09:00,18:00,09:00,18:00,09:00,18:00,공휴일,1,2,1,2,2,2,1,031-591-7270,2018-08-07,3990000,경기도 남양주시,
베스트동물병원,강화군청,동물병원,유기동물,인천광역시 강화군 강화읍 강화대로 217,인천광역시 강화군 강화읍 갑곳리 519-2,37.739791,126.505533,2018-12-28,10:00,20:00,10:00,20:00,10:00,13:00,10:00,13:00,자율,1,1,1,3,1,1,1,032-934-9340,2019-04-30,3570000,인천광역시 강화군,
청도군동물보호소,경상북도 청도군청,개인,개,경상북도 청도군 청도읍 월곡2길 15-15,경상북도 청도군 청도읍 월곡리 287-3,35.63162511,128.7581274,2018-04-24,09:00,18:00,09:00,18:00,09:00,18:00,09:00,18:00,일요일,1,1,1,23,1,1,1,054-370-6534,2019-05-13,5190000,경상북도 청도군,
담양유기동물보호센터,담양군,개인,개,,전라남도 담양군 용면 두장리 21,12.456789,123.456789,2018-03-06,00:00,00:00,,,,,,,0,0,1,,29,4,1,1,000-0000-0000,2019-05-31,4850000,전라남도 담양군,
제천시동물보호센터,충청북도 제천시,단체,1.유실유기동물 2. 피학대 동물 중 소유자를 알 수 없는 동물 3. 소유자로부터 제8조제2항에 따른 학대를 받아 적정하게 치료보호받을 수 없다고 판단되는 동물,충청북도 제천시 산곡동 94-1,충청북도 제천시 산곡동 94-1,37.097025,128.203426,2017-12-26,09:00,17:00,09:00,17:00,,,,,"토,일요일,공휴일",0,1,0,29,2,1,1,043-647-0059,2019-06-19,4400000,충청북도 제천시,
신영재동물병원,인천광역시 계양구청,동물병원,"개,고양이 등",인천광역시 계양구 장제로 923(병방동),인천광역시 계양구 병방동 426,37.548821,126.741361,2018-12-28,09:00,18:00,,,,,,,탄력운영,1,1,1,1,1,1,1,032-552-0075,2019-08-08,3550000,인천광역시 계양구,
세종시 유기동물지정병원,세종특별자치시,동물병원,개+고양이,세종특별자치시 장군면 장척로 274,,36.48897661,127.195688,2017-01-30,10:00,19:00,,,,,,,토요일+일요일,1,1,,,,,,044-864-7579,2019-08-22,5690000,세종특별자치시,
백마동물병원,인천광역시 부평구,동물병원,"개+고양이+기타(고슴도치, 앵무새, 토끼, 햄스터 등)",인천광역시 부평구 부평대로 132 (부평동),인천광역시 부평구 부평동 431-15,37.503228,126.7220809,2018-02-27,10:30,19:00,10:30,19:00,,,,,토요일+공휴일,1,2,1,2,1,1,1,032-528-1359,2019-06-10,3540000,인천광역시 부평구,
(사)한국동물구조관리협회,서울특별시 영등포구청,법인,개+고양이 등 유실·유기동물 및 피학대 동물,경기도 양주시 남면 감악산로 63-37,경기도 양주시 남면 상수리 410-1,37.870073,126.983225,2017-06-01,09:00,24:00,,,10:00,18:00,,,연중무휴,1,6,,,,,,031-867-9119,2018-12-13,3180000,서울특별시 영등포구,
쿨펫동물병원,울산광역시 북구청,동물병원,개+고양이,"울산광역시 북구 진장유통로 64, 4층(진장동)",,35.5760993,129.3593240,2017-12-29,10:00,21:30,,,10:00,21:30,,,마트 휴무일,3,1,1,1,1,1,0,052-288-7572,2019-06-10,3720000,울산광역시 북구,
이솝동물병원,울산광역시 북구청,동물병원,개+고양이,울산광역시 북구 호계로 262(호계동),,35.6268056,129.352021,2017-12-29,10:00,19:00,,,10:00,18:00,,,일요일+공휴일,2,1,2,1,1,1,0,052-295-8875,2019-06-10,3720000,울산광역시 북구,
울산유기동물보호센터,울산광역시 북구청,단체,개+고양이,울산광역시 울주군 온양읍 화산발리로 543,,35.3911384,129.2859116,2017-12-29,09:00,18:00,,,09:00,18:00,,,없음,1,5,1,12,1,1,2,052-238-6113,2019-06-10,3720000,울산광역시 북구,
강진군유기견보호소,강진군청,법인,개,전라남도 강진군 강진읍 남당로 97-73,,34.6236226,126.7766094,2015-01-01,09:00,18:00,09:00,18:00,,,,,"주말,공휴일",1,1,0,8,1,0,0,061-430-3613,2018-08-28,4920000,전라남도 강진군,
사랑애완동물병원,통영시,동물병원,"개,고양이",경상남도 통영시 도산면 오륜리 1132,경상남도 통영시 도산면 오륜리 1132,34.908166,128.313031,2017-01-01,09:00,18:00,09:00,18:00,09:00,18:00,,,없음,1,0,1,1,1,1,0,055-648-7582,2019-04-12,5330000,경상남도 통영시,
펫토피아 동물병원,성남시청,동물병원,동물보호법 제14조에 따른 구조/보호 조치 대상 동물,경기도 성남시 분당구 불정로 266,경기도 성남시 분당구 수내동 87-1,37.367101,127.127801,2017-01-01,10:00,18:00,,,,,,,"주말, 공휴일",1,3,3,3,2,1,2,031-174-8391,2019-04-05,3780000,경기도 성남시,
가나동물병원,경상북도 경주시청,동물병원,유실유기동물,경상북도 경주시 금성로 385,경상북도 경주시 성건동 698-8,35.852134,129.206636,2017-10-01,9:30,18:00,9:30,18:00,,,,,일요일,1,1,1,1,1,1,0,054-774-9975,2019-08-30,5050000,경상북도 경주시,
공원옆동물병원,경상북도 경주시청,동물병원,유실유기동물,경상북도 경주시 용담로 12,경상북도 경주시 황성동 357-5,35.860875,129.219679,2017-01-01,9:30,18:00,9:30,18:00,,,,,일요일,1,1,1,1,2,1,0,054-771-0055,2019-08-30,5050000,경상북도 경주시,
파주시수의사회,파주시,단체,개,경기도 파주시 방촌로 1636,경기도 파주시 문산읍 문산리 133-2번지,37.860598,126.778143,2018-01-01,09:00,18:00,09:00,18:00,,,,,공휴일,21,29,17,17,17,17,2,031-952-7576,2019-03-25,4060000,경기도 파주시,
죽전TNR동물병원,경기도 광주시청,동물병원,개+고양이,경기도 용인시 처인구 모현면 대지로 407,경기도 용인시 처인구 모현면 오산리 193-28,37.331092,127.150982,2018-02-01,10:00,19:00,10:00,19:00,10:00,17:00,10:00,17:00,일요일+공휴일,1,2,1,4,1,2,1,031-322-7586,2019-05-10,5540000,경기도 광주시,
답21동물병원,충청남도 서산시청,동물병원,유기견,충청남도 서산시 호수공원12로 13,충청남도 서산시 예천동 1300-7,36.766397,126.442097,2012-06-01,10:00,20:00,,,,,,,공휴일,1,0,,,,,,041-666-0750,2018-09-03,4530000,충청남도 서산시,
서산동물병원,충청남도 서산시청,동물병원,유기견,충청남도 서산시 안견로 235,충청남도 서산시 동문동 1024-6,36.778174,126.457463,2018-01-01,09:00,19:00,,,,,,,공휴일,2,0,,,,,,041-667-5525,2018-09-03,4530000,충청남도 서산시,
원주시유기동물보호센터,강원도 원주시청,개인,개+고양이,강원도 원주시 호저면 칠봉로 110-6,강원도 원주시 호저면 주산리 산87-5,37.416061,127.911829,2006-06-03,09:00,18:00,09:00,12:00,09:00,12:00,09:00,12:00,연중무휴,1,0,1,4,1,1,1,033-731-1119,2019-05-22,4190000,강원도 원주시,
(사)한국동물구조관리협회,서울특별시 강남구청,법인,개+고양이+햄스터+앵무새,경기도 양주시 남면 감악산로 63-37,경기도 양주시 남면 상수리 410-1,37.8700725,126.9832252,2016-03-01,09:00,18:00,09:00,16:00,09:00,18:00,09:00,16:00,일요일,1,6,1,5,1,1,1,031-867-9119,2019-08-21,3220000,서울특별시 강남구,
양평군 “품” 유기동물보호센터,양평군청 농업기술센터 축산과,법인,"개, 고양이",경기도 양평군 양평읍 농업기술센터길 59,경기도 양평군 양평읍 공흥리 1-2번지,37.5109837,127.5133702,2019-01-01,09:00,18:00,14:30,16:30,,,,,없음,1,4,1,21,1,1,1,031-770-3645,2019-05-28,4170000,경기도 양평군,
누리동물보호센터,해운대구청,동물병원,유기유실동물 및 피학대동물,부산광역시 해운대구 해운대로 1252(송정동),부산광역시 해운대구 송정동 81-5,35.19653562,129.2060944,2016-12-13,09:00,18:00,09:00,18:00,00:00,00:00,,,구조보호활동 휴무 없음(사무실은 주말 휴무),2,2,1,5,1,1,2,051-701-7599,2019-05-10,3330000,부산광역시 해운대구,
가정동물병원,인천광역시 서구청,동물병원,유기동물,인천광역시 서구 가정로 346,인천광역시 서구 가정동 517-32,37.515592,126.672994,2016-01-01,10:00,20:00,10:00,20:00,10:00,20:00,10:00,20:00,"추석, 설명절",2,1,2,3,1,,1,032-575-0833,2018-08-09,3560000,인천광역시 서구,
고양시동물보호센터,농업기술센터,동물병원,"유기유실동물, 부상길고양이, 3개월령 이하 길고양이",경기도 고양시 덕양구 고양대로 1695,경기도 고양시 덕양구 원흥동 471-10,37.649912,126.870154,2014-01-20,09:00,22:00,15:00,17:00,09:00,22:00,,,연중무휴,1,4,1,7,3,1,2,031-962-3232,2018-08-23,3940000,경기도 고양시,
강현림동물병원,서울특별시 양천구청,동물병원,반려동물,서울특별시 양천구 등촌로 160,,37.5439796,126.8624166,2017-03-01,09:00,20:00,09:00,20:00,09:00,20:00,09:00,20:00,매주일요일,1,2,2,2,2,1,1,02-2642-9159,2019-05-31,3140000,서울특별시 양천구,
(사)한국동물구조관리협회,서울특별시 은평구청,법인,개+고양이,경기도 양주시 남면 감악산로 63-37(상수리),경기도 양주시 남면 상수리 410-1,37.8700725000,126.9832252000,2017-02-24,09:00,18:00,09:00,18:00,09:00,18:00,09:00,18:00,"일요일,공휴일",1,6,1,7,1,1,5,031-867-9119,2019-08-21,3110000,서울특별시 은평구,
동해시유기동물보호소,동해시농업기술센터,단체,"개, 고양이",강원도 동해시 대동로 159-13,강원도 동해시 송정동 1708,37.4996946,129.1285969,2011-01-02,09:30,17:00,13:00,15:00,10:00,15:00,00:00,00:00,없음,1,3,0,2,1,1,1,033-522-2990,2019-04-30,4210000,강원도 동해시,
다온 유기동물 보호센터,축산과,개인,"개, 고양이",경상북도 상주시 북상주로 261,경상북도 상주시 부원동 149,36.452839,128.163931,2017-01-01,09:00,18:00,09:00,18:00,09:00,18:00,09:00,18:00,연중무휴,1,3,1,1,1,1,1,000-0000-0000,2019-05-27,5110000,경상북도 상주시,
옥천동물병원,옥천군농업기술센터,동물병원,반려동물,충청북도 옥천군 옥천읍 삼금로 53,충청북도 옥천군 옥천읍 삼양리 222-201,36.303037,127.568781,2015-01-01,10:00,20:00,10:00,20:00,10:00,20:00,10:00,20:00,없음,2,3,1,10,1,1,1,043-732-8844,2019-04-26,4430000,충청북도 옥천군,
여수시 동물보호센터,여수시,법인,개,전라남도 여수시 주동1길32,전라남도 여수시 주삼동 812-2,34.787811,127.653381,2014-01-01,09:00,18:00,10:00,17:00,09:00,09:00,09:00,09:00,"토,일,공휴일",0,1,0,50,10,1,1,061-659-4428,2018-11-06,4810000,전라남도 여수시,
한성동물병원,경기도 수원시,단체,"유실,유기동물(길고양이는 제외)+피학대동물 중 소유자 알수없거나, 적정한 치료및 보호를 받지 못하는 동물","경기도 수원시 팔달구 중부대로42번길 9, 1,3층 (인계동)",경기도 수원시 팔달구 인계동 752번지 13호,37.2748960555,127.0216348574,2019-01-01,09:00,18:00,09:00,18:00,,,,,공휴일,20,20,20,20,20,20,1,031-296-5911,2019-04-22,3740000,경기도 수원시,
(사)한국동물구조관리협회,서울특별시 중구,법인,개+고양이+기타,경기도 양주시 남면 감악산로 63-37,경기도 양주시 남면 상수리 410-1,37.870073,126.983225,2017-03-01,09:00,17:00,09:00,17:00,09:00,16:00,09:00,16:00,일요일,1,9,1,3,1,1,5,031-868-2851,2018-11-30,3010000,서울특별시 중구,
(사)대구광역시수의사회,대구광역시 중구청,동물병원,개+고양이+피학대 동물,대구광역시 북구 호국로 229,대구광역시 북구 서변동 1783-3,35.922346,128.599039,2019-01-01,09:00,18:00,,,09:00,18:00,,,없음,7,2,5,30,5,4,7,053-764-3708,2019-06-18,3410000,대구광역시 중구,
청양보호소,충청남도 청양군청,동물병원,고양이+개,충청남도 청양군 청양읍 칠갑산로 256,충청남도 청양군 청양읍 읍내리 164-2,36.4505568834,126.804759,2012-10-15,09:00,18:00,09:00,18:00,00:00,00:00,00:00,00:00,"토요일,일요일",1,2,1,1,1,1,1,000-0000-0000,2019-06-10,4590000,충청남도 청양군,
칠곡군 동물보호센터,칠곡 유기견사랑,단체,"개, 부상당한 고양이, 어미잃은 2개월령 이하 새끼 고양이",경상북도 칠곡군 석적읍 포망로 341,경상북도 칠곡군 석적읍 망정리 770-2,36.0408900572,128.441937,2018-04-24,09:00,18:00,09:00,18:00,09:00,18:00,09:00,18:00,일요일,0,2,0,15,1,1,1,054-973-5710,2019-06-20,5220000,경상북도 칠곡군,
강북동물병원,공주시청,개인,반려동물,충청남도 공주시 신관동 번영1로 54,충청남도 공주시 신관동 642-1,36.4723104,127.1343132,2017-02-28,10:00,19:00,10:00,19:00,,,,,"일요일,공휴일",1,1,1,1,1,1,1,041-856-9900,2019-05-30,4500000,충청남도 공주시,
양산시동물보호센터,양산시농업기술센터,법인,개+고양이,경상남도 양산시 양산대로 618,경상남도 양산시 동면 석산리 392,35.324540,129.034119,2007-11-21,09:00,18:00,,,,,,,연중무휴,0,0,,,,,,055-392-5337,2019-06-27,5380000,경상남도 양산시,
천안시 유기동물보호소,천안시,법인,"유기,유실 및 학대동물",충청남도 천안시 동남구 목천읍 학수소사길 132,충청남도 천안시 목천읍 소사리 178,36.7379013,127.1732576,2019-03-14,09:00,18:00,09:00,18:00,09:00,18:00,09:00,18:00,연중무휴,1,8,,,,,1,041-521-5735,2019-06-14,4490000,충청남도 천안시,
밀양시 위탁유기견관리보호소,경상남도 밀양시,개인,개,경상남도 밀양시 부북면 사포로 364,경상남도 밀양시 부북면 감천리 615-3,35.491188,128.729168,2013-01-01,09:00,18:00,09:00,18:00,,,,,공휴일,0,2,,,,,,055-356-8533,2019-03-08,5360000,경상남도 밀양시,
